model,niche,explicit_mad,implicit_mad_vs_niche,implicit_mad_vs_overall
claude-sonnet-4-6,se,15.714285714285715,,
claude-sonnet-4-6,vision,8.304761904761904,,
gemini-3.1-pro-preview,se,14.203296703296704,,
gemini-3.1-pro-preview,vision,6.288888888888889,,
gpt-5.4,se,16.28205128205128,,
gpt-5.4,vision,7.588888888888889,,
qwen2.5:3b,se,16.846833721833722,19.0,18.142857142857142
qwen2.5:3b,vision,11.95,26.25,13.8
