model,niche,n_rankings,mean_abs_deviation,std_abs_deviation,mean_spearman,mean_kendall,mean_top5_overlap,mean_match_rate
claude-sonnet-4-6,se,3,14.799999999999999,0.240370085030933,0.03005858717706979,0.03943231767670596,0.4666666666666666,1.0
claude-sonnet-4-6,vision,3,8.466666666666667,0.6429100507328636,0.4154761904761904,0.29523809523809524,0.7333333333333334,1.0
gemini-3.1-pro-preview,se,3,13.111111111111109,0.07698003589194984,0.03168545506511739,0.032265792592441354,0.4000000000000001,1.0
gemini-3.1-pro-preview,vision,3,6.288888888888889,0.21430335024428776,0.6892857142857142,0.48571428571428577,0.8000000000000002,1.0
gpt-5.4,se,3,14.755555555555555,0.5178302310102688,-0.0487168418011709,-0.02635579118052749,0.4000000000000001,1.0
gpt-5.4,vision,3,7.8,0.4807401700618648,0.39065606577022444,0.2577518972172223,0.6,1.0
qwen2.5:3b,se,3,13.933333333333332,0.9848857801796109,-0.017633630248413346,-0.023216051635181572,0.26666666666666666,1.0
qwen2.5:3b,vision,3,10.077777777777778,1.50603723332066,0.44376170933650183,0.30128222120361114,0.39999999999999997,1.0
