model,niche,explicit_mad,implicit_mad_vs_niche,implicit_mad_vs_overall
claude-sonnet-4-6,se,15.714285714285715,17.375,11.25
claude-sonnet-4-6,vision,8.304761904761904,10.666666666666666,7.0
gemini-3.1-pro-preview,se,14.203296703296704,10.0,15.25
gemini-3.1-pro-preview,vision,6.288888888888889,11.0,6.375
gpt-5.4,se,16.28205128205128,13.625,14.416666666666666
gpt-5.4,vision,7.588888888888889,15.666666666666666,15.3
qwen2.5:3b,se,16.846833721833722,29.9,15.25
qwen2.5:3b,vision,11.95,26.25,13.8
