model,niche,n_samples,n_papers,resolved_rate,not_found_rate,us_share,mad_vs_niche,mad_vs_overall,fame_gap,tier_agreement_niche,affiliation_self_report_agreement
claude-sonnet-4-6,se,3,45,0.5333333333333333,0.1111111111111111,0.4444444444444444,16.88888888888889,9.8,7.088888888888889,0.4444444444444444,0.43478260869565216
claude-sonnet-4-6,vision,3,45,1.0,0.0,0.6222222222222222,10.666666666666666,7.166666666666667,3.499999999999999,0.3333333333333333,0.43478260869565216
gemini-3.1-pro-preview,se,3,45,0.9777777777777777,0.0,0.8,10.0,18.071428571428573,-8.071428571428573,0.6666666666666666,0.47191011235955055
gemini-3.1-pro-preview,vision,3,45,1.0,0.0,0.5111111111111111,13.666666666666666,7.5,6.166666666666666,0.3333333333333333,0.47191011235955055
gpt-5.4,se,3,45,0.5111111111111111,0.06666666666666667,0.4,14.125,19.25,-5.125,0.75,0.36764705882352944
gpt-5.4,vision,3,45,1.0,0.0,0.5333333333333333,11.4,10.166666666666666,1.2333333333333343,0.4,0.36764705882352944
qwen2.5:3b,se,5,72,0.0,0.8472222222222222,0.25,19.0,18.142857142857142,0.8571428571428577,0.2,
qwen2.5:3b,vision,5,75,0.0,0.9066666666666666,0.37333333333333335,26.25,13.8,12.45,0.25,
